﻿Designator,Quantity,Value,Footprint,Package,MPN,DNP,Mount_Type,Description,MF,MAXIMUM_PACKAGE_HEIGHT,Price,Check_prices,STANDARD,PARTREV,SnapEDA_Link,MP,Description_1,Availability,MANUFACTURER
D2,1,APFA3010,PinSocket_2x02_P2.54mm_Vertical,,,,tht,"LED RGB, Common Anode, SMD, 3.0x1.5mm, Horizontal",,,,,,,,,,,
J1,1,Conn_01x13,PinHeader_1x13_P2.54mm_Vertical_SMD_Pin1Left,,,,smt,"Generic connector, single row, 01x13, script generated",,,,,,,,,,,
"J10, J9",2,Conn_02x22_Odd_Even_MountingPin,PinSocket_2x22_P2.54mm_Vertical,,,,tht,"Generic connectable mounting pin connector, double row, 02x22, odd/even pin numbering scheme (row 1 odd numbers, row 2 even numbers), script generated (kicad-library-utils/schlib/autogen/connector/)",,,,,,,,,,,
J11,1,UltraRight,PinSocket_1x04_P2.54mm_Vertical,,,,tht,"Generic connector, single row, 01x04, script generated",,,,,,,,,,,
"J12, J18",2,Conn_01x02_Pin,PinHeader_1x02_P2.54mm_Vertical,,,,tht,"Generic connector, single row, 01x02, script generated",,,,,,,,,,,
"J14, J15, J16, J17",4,Screw_Terminal_01x02,TerminalBlock_MaiXu_MX126-5.0-02P_1x02_P5.00mm,,,,tht,"Generic screw terminal, single row, 01x02, script generated (kicad-library-utils/schlib/autogen/connector/)",,,,,,,,,,,
J2,1,UltraLeft,PinSocket_1x04_P2.54mm_Vertical,,,,tht,"Generic connector, single row, 01x04, script generated",,,,,,,,,,,
J3,1,MPU6050,PinSocket_1x08_P2.54mm_Vertical,,,,tht,"Generic connector, single row, 01x08, script generated",,,,,,,,,,,
J4,1,MotorL,PinHeader_1x06_P2.54mm_Vertical,,,,tht,"Generic connector, single row, 01x06, script generated",,,,,,,,,,,
J5,1,MotorR,PinHeader_1x06_P2.54mm_Vertical,,,,tht,"Generic connector, single row, 01x06, script generated",,,,,,,,,,,
J6,1,XT60-M,AMASS_XT60-M_1x02_P7.20mm_Vertical,Package,,,tht,,AMASS,16.00 mm,None,https://www.snapeda.com/parts/XT60-M/AMASS/view-part/?ref=eda,IPC 7351B,V1.2,https://www.snapeda.com/parts/XT60-M/AMASS/view-part/?ref=snap,XT60-M,Plug; DC supply; XT60; male; PIN: 2; for cable; soldered; 30A; 500V,In Stock,AMASS
J8,1,Conn_01x04_Pin,PinSocket_1x04_P2.54mm_Vertical,,,,tht,"Generic connector, single row, 01x04, script generated",,,,,,,,,,,
R1,1,R,R_Axial_DIN0204_L3.6mm_D1.6mm_P2.54mm_Vertical,,,,tht,Resistor,,,,,,,,,,,
SW1,1,SW_DIP_x01,KCD11-101,,,,tht,"1x DIP Switch, Single Pole Single Throw (SPST) switch, small symbol",,,,,,,,,,,
