﻿pos_x,pos_y,rotation,side,designator,mpn,pack,footprint,value,mount_type
242.5,-112.46,0.0,top,D1,,,PinSocket_2x02_P2.54mm_Vertical,LED_RGBK,tht
184.76,-72.5325,90.0,top,J1,,,PinHeader_1x13_P2.54mm_Vertical,Conn_01x13,tht
219.0,-85.2,0.0,top,J10,,,PinSocket_2x22_P2.54mm_Vertical,Conn_02x22_Odd_Even_MountingPin,tht
228.025,-76.0,0.0,top,J11,,,PinSocket_1x04_P2.54mm_Vertical,UltraRight,tht
242.46,-121.5,90.0,top,J12,,,PinHeader_1x02_P2.54mm_Vertical,Conn_01x02_Pin,tht
227.75,-90.9675,0.0,top,J14,,,TerminalBlock_MaiXu_MX126-5.0-02P_1x02_P5.00mm,Screw_Terminal_01x02,tht
247.0,-130.0,180.0,top,J15,,,TerminalBlock_MaiXu_MX126-5.0-02P_1x02_P5.00mm,Screw_Terminal_01x02,tht
162.5,-130.5,180.0,top,J16,,,TerminalBlock_MaiXu_MX126-5.0-02P_1x02_P5.00mm,Screw_Terminal_01x02,tht
165.5325,-116.25,-90.0,top,J17,,,TerminalBlock_MaiXu_MX126-5.0-02P_1x02_P5.00mm,Screw_Terminal_01x02,tht
153.725,-122.0,90.0,top,J18,,,PinHeader_1x02_P2.54mm_Vertical,Conn_01x02_Pin,tht
172.025,-76.0,0.0,top,J2,,,PinSocket_1x04_P2.54mm_Vertical,UltraLeft,tht
173.5,-109.78,180.0,top,J3,,,PinSocket_1x08_P2.54mm_Vertical,MPU6050,tht
162.35,-138.0,-90.0,top,J4,,,PinHeader_1x06_P2.54mm_Vertical,MotorL,tht
250.58,-137.5,-90.0,top,J5,,,PinHeader_1x06_P2.54mm_Vertical,MotorR,tht
232.0,-124.6,90.0,top,J6,,Package,AMASS_XT60-M_1x02_P7.20mm_Vertical,XT60-M,tht
201.396,-139.7526,180.0,top,J7,,,STLINK,STLINK,tht
231.5,-141.0,180.0,top,J8,,,PinSocket_1x04_P2.54mm_Vertical,Conn_01x04_Pin,tht
183.5,-85.24,0.0,top,J9,,,PinSocket_2x22_P2.54mm_Vertical,Conn_02x22_Odd_Even_MountingPin,tht
231.5,-104.0,-90.0,top,SW1,,,KCD11-101,SW_DIP_x01,tht
